{
  "train_size":215257,
  "valid_size":46127,
  "test_size":46127,
  "train_target_dist":{
    "0":0.9192732408,
    "1":0.0807267592
  },
  "valid_target_dist":{
    "0":0.9192663733,
    "1":0.0807336267
  },
  "test_target_dist":{
    "0":0.9192663733,
    "1":0.0807336267
  }
}