{
  "shape":[
    307511,
    122
  ],
  "n_columns":122,
  "id_columns":[
    "SK_ID_CURR"
  ],
  "n_constant_columns":0,
  "top_null_columns":{
    "COMMONAREA_MEDI":0.6987229725,
    "COMMONAREA_AVG":0.6987229725,
    "COMMONAREA_MODE":0.6987229725,
    "NONLIVINGAPARTMENTS_MODE":0.6943296337,
    "NONLIVINGAPARTMENTS_AVG":0.6943296337,
    "NONLIVINGAPARTMENTS_MEDI":0.6943296337,
    "FONDKAPREMONT_MODE":0.6838617155,
    "LIVINGAPARTMENTS_MODE":0.6835495316,
    "LIVINGAPARTMENTS_AVG":0.6835495316,
    "LIVINGAPARTMENTS_MEDI":0.6835495316
  }
}